clave_mun,feminicidio,pob,feminicidio_tasa,Y
1001,5,877190,0.570001938,0
1002,1,46464,2.152203857,1
1003,0,56048,0,0
1004,0,15577,0,0
1005,3,120405,2.491590881,1
1006,0,46473,0,0
1007,1,53866,1.85645862,1
1008,0,8896,0,0
1009,0,20926,0,0
1010,0,20245,0,0
1011,0,46454,0,0
2001,15,486639,3.082367011,1
2002,19,988417,1.922265602,1
2003,4,102406,3.906021132,1
2004,43,1641570,2.619443581,1
2005,10,96734,10.33762689,1
3001,0,72564,0,0
3002,0,60171,0,0
3003,0,272711,0,0
3008,2,287671,0.695238658,0
3009,0,18912,0,0
4001,0,56537,0,0
4002,2,283025,0.706651356,0
4003,13,248303,5.235538838,1
4004,2,90244,2.21621382,1
4005,0,31230,0,0
4006,1,40100,2.493765586,1
4007,0,8971,0,0
4008,0,10665,0,0
4009,0,58553,0,0
4010,0,28424,0,0
4011,3,43879,6.836983523,1
5001,0,1015,0,0
5002,5,147809,3.382743947,1
5003,0,22654,0,0
5004,0,23271,0,0
5005,0,1720,0,0
5006,1,28068,3.562776115,1
5007,1,13546,7.382253064,1
5008,0,3077,0,0
5009,2,58360,3.427004798,1
5010,2,80991,2.469410181,1
5011,1,12471,8.018603159,1
5012,0,1697,0,0
5013,0,1565,0,0
5014,1,10243,9.762764815,1
5015,0,1574,0,0
5016,0,1773,0,0
5017,6,108950,5.507113355,1
5018,6,231107,2.596200029,1
5019,0,8599,0,0
5020,1,69102,1.447136118,1
5021,0,6614,0,0
5022,1,30698,3.257541208,1
5023,1,11671,8.56824608,1
5024,1,44799,2.232192683,1
5025,7,163595,4.278859378,1
5026,0,3304,0,0
5027,6,92828,6.463567027,1
5028,2,63522,3.148515475,1
5029,0,2360,0,0
5030,13,807537,1.609833357,1
5031,0,23587,0,0
5032,0,43232,0,0
5033,1,106142,0.942134122,0
5034,0,6988,0,0
5035,19,679288,2.797046319,1
5036,1,21549,4.64058657,1
5037,0,6352,0,0
5038,3,13257,22.6295542,1
6001,0,29599,0,0
6002,11,150673,7.300578073,1
6003,2,21544,9.283327144,1
6004,5,20198,24.75492623,1
6005,4,30198,13.24591033,1
6006,1,5527,18.09299801,1
6007,21,184541,11.37958502,1
6008,0,8985,0,0
6009,6,123191,4.870485669,1
6010,9,136779,6.57995745,1
7001,0,18082,0,0
7002,0,31424,0,0
7003,1,28380,3.523608175,1
7004,0,32872,0,0
7005,0,19348,0,0
7006,0,30732,0,0
7007,0,9913,0,0
7008,0,28162,0,0
7009,1,40114,2.492895249,1
7010,0,7494,0,0
7011,0,20142,0,0
7012,2,51722,3.866826495,1
7013,1,34997,2.857387776,1
7014,0,22606,0,0
7015,2,45594,4.386542089,1
7016,2,17065,11.71989452,1
7017,2,84455,2.368125037,1
7018,0,9210,0,0
7019,1,153448,0.651686565,0
7020,1,46405,2.1549402,1
7021,0,21800,0,0
7022,2,16803,11.90263643,1
7023,4,87332,4.580222599,1
7024,2,12181,16.41901322,1
7025,0,7644,0,0
7026,2,39648,5.044390638,1
7027,4,100751,3.970183919,1
7028,0,5899,0,0
7029,0,5000,0,0
7030,1,34744,2.878194796,1
7031,3,127914,2.345325766,1
7032,1,31822,3.142480045,1
7033,0,7430,0,0
7034,2,73436,2.723459883,1
7035,0,14416,0,0
7036,0,7057,0,0
7037,3,35017,8.567267327,1
7038,0,23625,0,0
7039,0,23172,0,0
7040,2,54332,3.681071928,1
7041,0,44891,0,0
7042,0,11342,0,0
7043,0,10772,0,0
7044,0,27198,0,0
7045,0,5384,0,0
7046,1,39109,2.556956199,1
7047,1,20606,4.85295545,1
7048,2,21222,9.424182452,1
7049,0,23889,0,0
7050,0,4915,0,0
7051,2,47932,4.172577819,1
7052,4,122821,3.25677205,1
7053,0,7769,0,0
7054,0,29239,0,0
7055,0,5743,0,0
7056,0,11906,0,0
7057,0,72967,0,0
7058,0,4262,0,0
7059,3,218893,1.370532635,1
7060,0,12508,0,0
7061,3,92103,3.257222892,1
7062,4,18128,22.06531333,1
7063,0,3682,0,0
7064,0,48126,0,0
7065,5,119826,4.172717106,1
7066,2,22011,9.086365908,1
7067,0,12136,0,0
7068,0,31107,0,0
7069,2,53525,3.736571695,1
7070,0,14121,0,0
7071,1,28961,3.452919443,1
7072,3,31942,9.392023042,1
7073,0,9578,0,0
7074,2,45104,4.434196524,1
7075,0,28261,0,0
7076,0,26921,0,0
7077,0,63446,0,0
7078,12,209591,5.725436684,1
7079,1,39204,2.550760127,1
7080,0,35192,0,0
7081,0,44295,0,0
7082,0,13844,0,0
7083,0,18539,0,0
7084,0,8082,0,0
7085,1,10707,9.339684319,1
7086,0,24049,0,0
7087,7,38797,18.04263216,1
7088,0,2283,0,0
7089,15,348156,4.30841347,1
7090,0,3839,0,0
7091,0,12887,0,0
7092,2,41305,4.84202881,1
7093,1,43593,2.293946276,1
7094,0,43175,0,0
7096,1,77554,1.289424143,1
7097,0,89178,0,0
7098,0,7284,0,0
7099,0,76917,0,0
7100,0,34305,0,0
7101,11,598710,1.837283493,1
7102,1,41823,2.39102886,1
7103,0,31755,0,0
7104,1,15316,6.529119875,1
7105,0,15350,0,0
7106,3,65009,4.614745651,1
7107,4,79003,5.06309887,1
7108,5,104833,4.769490523,1
7109,0,37833,0,0
7110,0,7202,0,0
7111,2,41112,4.864759681,1
7112,0,34829,0,0
7113,0,6712,0,0
7114,2,20193,9.904422325,1
7115,1,12945,7.724990344,1
7116,1,11444,8.738203425,1
7117,0,7682,0,0
7118,0,5163,0,0
7119,0,3684,0,0
7120,0,,,0
7121,0,,,0
7122,0,,,0
7123,0,,,0
7124,0,,,0
8001,1,12568,7.956715468,1
8002,0,24761,0,0
8003,0,8751,0,0
8004,1,15516,6.444960041,1
8005,0,24966,0,0
8006,0,6156,0,0
8007,0,16824,0,0
8008,2,11289,17.71636106,1
8009,0,27909,0,0
8010,0,23438,0,0
8011,0,51572,0,0
8012,1,9211,10.85658452,1
8013,1,11432,8.747375787,1
8014,0,2096,0,0
8015,0,1684,0,0
8016,0,3861,0,0
8017,5,168482,2.967676072,1
8018,0,4594,0,0
8019,25,878062,2.847179356,1
8020,0,7501,0,0
8021,1,148045,0.675470296,0
8022,0,2491,0,0
8023,0,6021,0,0
8024,1,4099,24.39619419,1
8025,0,8905,0,0
8026,0,2466,0,0
8027,2,45544,4.391357808,1
8028,0,5272,0,0
8029,2,56130,3.563156957,1
8030,1,7429,13.46076188,1
8031,0,39064,0,0
8032,0,109510,0,0
8033,0,952,0,0
8034,0,6903,0,0
8035,0,10974,0,0
8036,0,42860,0,0
8037,42,1391180,3.019019825,1
8038,0,4448,0,0
8039,0,4007,0,0
8040,0,29233,0,0
8041,0,1593,0,0
8042,0,1403,0,0
8043,0,2961,0,0
8044,0,4371,0,0
8045,0,44752,0,0
8046,0,7797,0,0
8047,0,5141,0,0
8048,0,23255,0,0
8049,0,2574,0,0
8050,1,63412,1.576988583,1
8051,0,7569,0,0
8052,0,28040,0,0
8053,0,5486,0,0
8054,0,7969,0,0
8055,0,16896,0,0
8056,0,2018,0,0
8057,0,2136,0,0
8058,0,2471,0,0
8059,0,5086,0,0
8060,0,10721,0,0
8061,0,3159,0,0
8062,0,31196,0,0
8063,1,6425,15.56420233,1
8064,0,1697,0,0
8065,0,20947,0,0
8066,1,6094,16.4095832,1
8067,0,5199,0,0
9002,11,400161,2.74889357,1
9003,13,608479,2.136474718,1
9004,1,199224,0.501947557,0
9005,31,1164477,2.662139312,1
9006,9,390348,2.305634972,1
9007,55,1827868,3.008970013,1
9008,6,243886,2.460165815,1
9009,7,137927,5.075148448,1
9010,14,749982,1.866711468,1
9011,14,361593,3.871756367,1
9012,26,677104,3.839882795,1
9013,23,415933,5.52973676,1
9014,10,417416,2.395691588,1
9015,21,532553,3.943269496,1
9016,16,364439,4.390309489,1
9017,10,427263,2.340478815,1
9998,0,,,0
10001,0,32852,0,0
10002,0,4683,0,0
10003,0,4390,0,0
10004,0,35415,0,0
10005,11,654876,1.679707303,1
10006,0,10110,0,0
10007,7,342286,2.045073418,1
10008,2,35380,5.652911249,1
10009,0,9851,0,0
10010,0,3838,0,0
10011,0,4927,0,0
10012,8,153311,5.218151339,1
10013,0,26502,0,0
10014,0,39288,0,0
10015,0,12957,0,0
10016,0,19694,0,0
10017,0,9567,0,0
10018,1,11496,8.698677801,1
10019,0,5385,0,0
10020,0,12290,0,0
10021,0,10922,0,0
10022,0,25241,0,0
10023,0,50417,0,0
10024,1,13554,7.377895824,1
10025,0,3205,0,0
10026,0,19383,0,0
10027,0,5564,0,0
10028,0,12747,0,0
10029,0,2077,0,0
10030,0,1478,0,0
10031,0,7089,0,0
10032,2,48482,4.125242358,1
10033,0,6343,0,0
10034,0,26709,0,0
10035,0,11060,0,0
10036,0,22895,0,0
10037,0,9351,0,0
10038,0,21861,0,0
10039,0,27278,0,0
11001,0,90990,0,0
11002,1,112125,0.891861761,0
11003,3,171857,1.745637361,1
11004,3,68455,4.38244102,1
11005,0,92605,0,0
11006,0,5128,0,0
11007,21,494304,4.248397747,1
11008,0,38832,0,0
11009,1,82572,1.211064283,1
11010,0,12068,0,0
11011,2,95961,2.084180031,1
11012,2,28320,7.062146893,1
11013,0,24219,0,0
11014,0,152113,0,0
11015,3,184239,1.628319737,1
11016,0,21638,0,0
11017,8,574344,1.392893458,1
11018,0,38412,0,0
11019,1,49053,2.038611298,1
11020,16,1578626,1.013539622,1
11021,1,50377,1.985032852,1
11022,2,23528,8.500510031,1
11023,2,150570,1.328285847,1
11024,0,11872,0,0
11025,0,79798,0,0
11026,0,59879,0,0
11027,2,273271,0.73187422,0
11028,2,100391,1.992210457,1
11029,0,39668,0,0
11030,1,113109,0.884102945,0
11031,1,119510,0.836750063,0
11032,1,78794,1.269132167,1
11033,1,121027,0.826261908,0
11034,0,5261,0,0
11035,1,83060,1.203948953,1
11036,1,6824,14.65416178,1
11037,1,189567,0.527517975,0
11038,0,12256,0,0
11039,1,34263,2.918600239,1
11040,0,18960,0,0
11041,0,62761,0,0
11042,3,142672,2.102725132,1
11043,0,20166,0,0
11044,5,58830,8.499065103,1
11045,0,11639,0,0
11046,2,69763,2.866849189,1
12001,48,810669,5.921035589,1
12002,0,26858,0,0
12003,0,38134,0,0
12004,0,19368,0,0
12005,0,6657,0,0
12006,0,11159,0,0
12007,1,31406,3.184104948,1
12008,0,8731,0,0
12009,0,5476,0,0
12010,0,27212,0,0
12011,0,60382,0,0
12012,0,69716,0,0
12013,1,14865,6.727211571,1
12014,0,15318,0,0
12015,0,13286,0,0
12016,0,12725,0,0
12017,1,13457,7.431076763,1
12018,0,14304,0,0
12019,0,14866,0,0
12020,2,20192,9.904912837,1
12021,2,76306,2.62102587,1
12022,2,39002,5.127942157,1
12023,1,27266,3.667571334,1
12024,0,7649,0,0
12025,0,16415,0,0
12026,0,8559,0,0
12027,0,19746,0,0
12028,1,129867,0.770018557,0
12029,5,273106,1.830790975,1
12030,0,20855,0,0
12031,0,5780,0,0
12032,0,37340,0,0
12033,0,15287,0,0
12034,0,37094,0,0
12035,3,151660,1.978108928,1
12036,1,11383,8.785030308,1
12037,0,6179,0,0
12038,0,124824,0,0
12039,0,24890,0,0
12040,0,26342,0,0
12041,0,25584,0,0
12042,0,18526,0,0
12043,0,19456,0,0
12044,0,12752,0,0
12045,0,25483,0,0
12046,7,67641,10.34875298,1
12047,0,6883,0,0
12048,0,44263,0,0
12049,0,12900,0,0
12050,0,37494,0,0
12051,0,35926,0,0
12052,0,43671,0,0
12053,0,49449,0,0
12054,0,27853,0,0
12055,3,108416,2.767119244,1
12056,1,46812,2.136204392,1
12057,2,64577,3.097077907,1
12058,0,57377,0,0
12059,0,31599,0,0
12060,0,14658,0,0
12061,2,42653,4.689001946,1
12062,5,22771,21.95775328,1
12063,1,9753,10.25325541,1
12064,1,12404,8.061915511,1
12065,0,7407,0,0
12066,5,87967,5.683949663,1
12067,0,21995,0,0
12068,1,26432,3.783292978,1
12069,0,11726,0,0
12070,0,7201,0,0
12071,1,28839,3.467526613,1
12072,0,11221,0,0
12073,0,18206,0,0
12074,0,22721,0,0
12075,0,51316,0,0
12076,0,36449,0,0
12077,1,13730,7.283321194,1
12078,0,18458,0,0
12079,0,17661,0,0
12080,0,7576,0,0
12081,0,11114,0,0
13001,2,21044,9.503896598,1
13002,0,43774,0,0
13003,1,56429,1.772138439,1
13004,0,9116,0,0
13005,2,18320,10.91703057,1
13006,1,20332,4.918355302,1
13007,0,12410,0,0
13008,0,44576,0,0
13009,0,18807,0,0
13010,3,29683,10.10679514,1
13011,0,19902,0,0
13012,1,27433,3.645244778,1
13013,8,38564,20.74473602,1
13014,0,17163,0,0
13015,3,18347,16.3514471,1
13016,3,58301,5.145709336,1
13017,0,13789,0,0
13018,1,23961,4.173448521,1
13019,0,18169,0,0
13020,0,2667,0,0
13021,0,14825,0,0
13022,0,14693,0,0
13023,0,35872,0,0
13024,1,17728,5.640794224,1
13025,0,21244,0,0
13026,0,13986,0,0
13027,3,25989,11.54334526,1
13028,2,129919,1.539420716,1
13029,2,45959,4.35170478,1
13030,1,93502,1.06949584,1
13031,0,13399,0,0
13032,0,11818,0,0
13033,0,3108,0,0
13034,0,9461,0,0
13035,0,11801,0,0
13036,0,9437,0,0
13037,2,20111,9.944806325,1
13038,1,9028,11.07665042,1
13039,1,14640,6.830601093,1
13040,0,10139,0,0
13041,2,46224,4.326756663,1
13042,0,11587,0,0
13043,0,7031,0,0
13044,0,16896,0,0
13045,0,9636,0,0
13046,0,38952,0,0
13047,0,5139,0,0
13048,8,277375,2.884182064,1
13049,0,17379,0,0
13050,0,23451,0,0
13051,4,150176,2.663541445,1
13052,1,36079,2.771695446,1
13053,0,18986,0,0
13054,0,35547,0,0
13055,0,17032,0,0
13056,0,37292,0,0
13057,0,16235,0,0
13058,0,16403,0,0
13059,2,37674,5.308700961,1
13060,1,18766,5.328786103,1
13061,1,54373,1.839148107,1
13062,0,30750,0,0
13063,3,87442,3.430845589,1
13064,0,10932,0,0
13065,1,11624,8.602890571,1
13066,0,12413,0,0
13067,2,53009,3.772944217,1
13068,0,15122,0,0
13069,11,119442,9.209490799,1
13070,0,19389,0,0
13071,0,10376,0,0
13072,1,10342,9.669309611,1
13073,1,39772,2.514331691,1
13074,2,28490,7.02000702,1
13075,0,16733,0,0
13076,5,109093,4.583245488,1
13077,1,161069,0.620851933,0
13078,0,19752,0,0
13079,0,7706,0,0
13080,1,24173,4.136846895,1
13081,1,34720,2.880184332,1
13082,0,18748,0,0
13083,3,45382,6.610550438,1
13084,1,40201,2.487500311,1
14001,1,21530,4.644681839,1
14002,2,22261,8.984322357,1
14003,1,23362,4.28045544,1
14004,0,5385,0,0
14005,0,15344,0,0
14006,2,60951,3.281324343,1
14007,0,9420,0,0
14008,1,77116,1.296747757,1
14009,1,19900,5.025125628,1
14010,0,6717,0,0
14011,0,5475,0,0
14012,0,3899,0,0
14013,0,60480,0,0
14014,0,8264,0,0
14015,1,60572,1.650927821,1
14016,1,37963,2.634143772,1
14017,0,12453,0,0
14018,3,65055,4.611482592,1
14019,1,7341,13.62212233,1
14020,0,10303,0,0
14021,1,21584,4.633061527,1
14022,3,41300,7.263922518,1
14023,1,105423,0.948559612,0
14024,1,26687,3.747142804,1
14025,0,17865,0,0
14026,0,6088,0,0
14027,0,18138,0,0
14028,0,2120,0,0
14029,0,17980,0,0
14030,3,50738,5.912728133,1
14031,0,3383,0,0
14032,0,6102,0,0
14033,1,21479,4.655710229,1
14034,1,1862,53.7056928,1
14035,2,53555,3.734478573,1
14036,0,19847,0,0
14037,3,24312,12.33958539,1
14038,0,4184,0,0
14039,35,1460148,2.397017289,1
14040,0,9761,0,0
14041,0,5633,0,0
14042,1,8787,11.38044839,1
14043,1,24563,4.071163946,1
14044,6,53045,11.31115091,1
14045,0,19070,0,0
14046,1,33777,2.960594487,1
14047,1,24753,4.039914354,1
14048,2,19469,10.27274128,1
14049,1,9917,10.08369467,1
14050,3,46521,6.448700587,1
14051,3,17955,16.70843776,1
14052,0,5638,0,0
14053,3,164981,1.818391209,1
14054,0,5379,0,0
14055,1,22643,4.416375922,1
14056,0,2028,0,0
14057,0,3688,0,0
14058,0,14477,0,0
14059,1,13799,7.246901949,1
14060,0,5088,0,0
14061,5,19452,25.70429776,1
14062,0,3526,0,0
14063,6,99461,6.032515257,1
14064,0,32357,0,0
14065,0,11192,0,0
14066,0,51944,0,0
14067,8,275640,2.902336381,1
14068,2,10704,18.68460389,1
14069,0,8379,0,0
14070,22,183437,11.99321838,1
14071,0,3117,0,0
14072,1,7349,13.60729351,1
14073,0,69725,0,0
14074,0,15890,0,0
14075,0,3783,0,0
14076,0,3122,0,0
14077,1,27777,3.600100803,1
14078,1,32960,3.033980583,1
14079,0,14278,0,0
14080,0,5643,0,0
14081,0,3033,0,0
14082,3,36778,8.157050411,1
14083,3,80365,3.732968332,1
14084,0,15126,0,0
14085,0,38396,0,0
14086,1,19506,5.126627704,1
14087,0,16579,0,0
14088,0,17257,0,0
14089,0,3703,0,0
14090,0,7005,0,0
14091,0,41278,0,0
14092,0,10317,0,0
14093,2,141322,1.415207823,1
14094,6,42009,14.28265372,1
14095,0,9608,0,0
14096,3,20961,14.31229426,1
14097,29,549442,5.278082127,1
14098,14,664193,2.10782107,1
14099,0,10310,0,0
14100,0,35824,0,0
14101,13,536111,2.424870969,1
14102,0,5960,0,0
14103,0,7919,0,0
14104,1,4412,22.66545784,1
14105,0,23171,0,0
14106,0,4229,0,0
14107,0,6156,0,0
14108,1,34535,2.895613146,1
14109,1,17915,5.581914597,1
14110,0,13446,0,0
14111,0,6924,0,0
14112,0,5389,0,0
14113,0,16105,0,0
14114,1,17824,5.610412926,1
14115,0,5417,0,0
14116,0,20257,0,0
14117,0,4110,0,0
14118,0,22586,0,0
14119,0,28205,0,0
14120,20,1332272,1.501194951,1
14121,0,29190,0,0
14122,0,7027,0,0
14123,1,17893,5.588777734,1
14124,3,68519,4.378347612,1
14125,0,18952,0,0
14998,0,,,0
15001,3,66034,4.543114153,1
15002,2,152506,1.311423813,1
15003,1,49026,2.039734019,1
15004,0,14846,0,0
15005,6,176237,3.404506432,1
15006,0,11126,0,0
15007,2,24669,8.107341197,1
15008,1,26610,3.75798572,1
15009,0,50904,0,0
15010,0,29347,0,0
15011,4,62392,6.411078343,1
15012,0,11875,0,0
15013,9,523296,1.719867914,1
15014,2,100675,1.986590514,1
15015,1,30945,3.231539829,1
15016,2,27709,7.21787145,1
15017,0,9863,0,0
15018,2,56574,3.535192845,1
15019,0,35495,0,0
15020,4,284462,1.406163213,1
15021,0,39897,0,0
15022,1,14414,6.937699459,1
15023,7,41810,16.74240612,1
15024,4,149550,2.674690739,1
15025,10,343701,2.909505646,1
15026,1,28289,3.534942911,1
15027,1,11764,8.500510031,1
15028,1,29159,3.42947289,1
15029,3,204107,1.469817302,1
15030,1,25543,3.914966919,1
15031,31,679811,4.560090966,1
15032,1,34000,2.941176471,1
15033,51,1677678,3.039915884,1
15034,1,9414,10.62247716,1
15035,10,128486,7.782949115,1
15036,2,43784,4.567878677,1
15037,9,267858,3.359989248,1
15038,0,11726,0,0
15039,18,495563,3.632232431,1
15040,1,35552,2.812781278,1
15041,0,6791,0,0
15042,2,153184,1.305619386,1
15043,2,29572,6.763154335,1
15044,1,27825,3.593890386,1
15045,4,87927,4.549228337,1
15046,1,19013,5.259559249,1
15047,0,74314,0,0
15048,1,65291,1.531604662,1
15049,0,13857,0,0
15050,0,25436,0,0
15051,6,146654,4.091262427,1
15052,0,27482,0,0
15053,2,57152,3.49944009,1
15054,2,227827,0.877859077,0
15055,1,12796,7.814942169,1
15056,0,29862,0,0
15057,17,844219,2.013695498,1
15058,27,1039867,2.596485897,1
15059,2,39666,5.042101548,1
15060,11,410118,2.682154892,1
15061,0,8960,0,0
15062,2,66190,3.021604472,1
15063,3,34485,8.699434537,1
15064,0,37343,0,0
15065,2,35274,5.669898509,1
15066,0,3872,0,0
15067,4,84519,4.732663661,1
15068,1,29114,3.434773648,1
15069,0,3963,0,0
15070,8,293725,2.723636054,1
15071,0,13851,0,0
15072,0,13261,0,0
15073,0,27230,0,0
15074,0,134143,0,0
15075,2,26960,7.418397626,1
15076,4,75511,5.297241462,1
15077,0,6010,0,0
15078,0,9682,0,0
15079,0,13290,0,0
15080,0,26832,0,0
15081,12,446008,2.690534699,1
15082,2,77799,2.57072713,1
15083,0,12984,0,0
15084,1,38622,2.589197867,1
15085,0,63721,0,0
15086,1,31631,3.161455534,1
15087,1,103834,0.963075678,0
15088,2,97891,2.043088742,1
15089,0,12470,0,0
15090,2,86380,2.315350776,1
15091,5,66518,7.51676238,1
15092,2,56993,3.509202885,1
15093,1,30680,3.259452412,1
15094,0,19843,0,0
15095,7,94198,7.431155651,1
15096,0,36902,0,0
15097,0,19206,0,0
15098,0,5246,0,0
15099,7,240749,2.907592555,1
15100,1,41333,2.41937435,1
15101,1,77147,1.296226684,1
15102,1,15664,6.384065373,1
15103,2,47390,4.220299641,1
15104,13,700734,1.85519755,1
15105,0,34937,0,0
15106,20,873536,2.289545022,1
15107,0,12324,0,0
15108,4,150182,2.663435032,1
15109,7,520557,1.344713451,1
15110,2,65703,3.044001035,1
15111,2,52641,3.799319922,1
15112,3,47151,6.36253738,1
15113,1,67929,1.472125307,1
15114,2,104612,1.911826559,1
15115,2,51646,3.872516749,1
15116,0,4137,0,0
15117,0,14958,0,0
15118,6,188927,3.175829818,1
15119,0,16927,0,0
15120,15,199069,7.535075778,1
15121,16,531041,3.012950036,1
15122,12,396157,3.029102098,1
15123,0,27860,0,0
15124,2,93878,2.130424594,1
15125,3,9728,30.83881579,1
16001,4,11425,35.01094092,1
16002,0,15241,0,0
16003,0,21651,0,0
16004,0,15193,0,0
16005,0,11120,0,0
16006,8,128250,6.237816764,1
16007,0,3218,0,0
16008,0,24864,0,0
16009,0,36549,0,0
16010,0,22138,0,0
16011,0,11328,0,0
16012,1,47498,2.105351804,1
16013,0,9485,0,0
16014,0,14392,0,0
16015,0,18444,0,0
16016,0,20749,0,0
16017,0,34193,0,0
16018,0,9151,0,0
16019,0,19018,0,0
16020,1,29681,3.369158721,1
16021,0,12373,0,0
16022,0,21784,0,0
16023,1,10258,9.748488984,1
16024,1,19081,5.240815471,1
16025,1,39035,2.56180351,1
16026,0,5032,0,0
16027,0,4559,0,0
16028,0,5016,0,0
16029,0,15455,0,0
16030,0,12788,0,0
16031,0,16622,0,0
16032,1,15291,6.53979465,1
16033,0,22707,0,0
16034,4,122619,3.262137189,1
16035,0,34243,0,0
16036,0,11723,0,0
16037,0,8093,0,0
16038,0,40818,0,0
16039,1,8838,11.3147771,1
16040,1,16990,5.885815185,1
16041,0,15215,0,0
16042,0,12720,0,0
16043,1,69744,1.433815095,1
16044,0,12426,0,0
16045,1,32950,3.034901366,1
16046,0,14387,0,0
16047,0,21548,0,0
16048,0,5571,0,0
16049,1,18030,5.546311703,1
16050,1,88535,1.129496809,1
16051,0,13750,0,0
16052,4,183185,2.183584901,1
16053,31,784776,3.950171769,1
16054,0,7806,0,0
16055,0,45484,0,0
16056,0,28074,0,0
16057,1,8195,12.20256254,1
16058,0,19595,0,0
16059,0,7988,0,0
16060,1,9794,10.21033286,1
16061,0,24424,0,0
16062,1,19440,5.144032922,1
16063,0,15705,0,0
16064,1,26789,3.732875434,1
16065,1,37464,2.669229127,1
16066,1,93265,1.072213585,1
16067,0,16920,0,0
16068,1,27832,3.59298649,1
16069,0,103702,0,0
16070,0,15255,0,0
16071,1,67644,1.478327716,1
16072,0,13836,0,0
16073,0,27862,0,0
16074,0,10450,0,0
16075,0,69723,0,0
16076,0,76587,0,0
16077,0,17845,0,0
16078,0,12466,0,0
16079,0,49588,0,0
16080,0,19146,0,0
16081,0,8804,0,0
16082,1,76661,1.304444242,1
16083,0,31100,0,0
16084,0,29268,0,0
16085,0,33621,0,0
16086,0,15352,0,0
16087,0,14819,0,0
16088,4,105400,3.795066414,1
16089,0,23842,0,0
16090,0,15010,0,0
16091,0,14532,0,0
16092,0,13731,0,0
16093,1,27788,3.598675687,1
16094,0,6202,0,0
16095,2,11994,16.67500417,1
16096,0,6947,0,0
16097,0,31849,0,0
16098,0,27371,0,0
16099,0,15383,0,0
16100,0,14432,0,0
16101,0,8966,0,0
16102,10,334749,2.987312882,1
16103,1,24708,4.047272139,1
16104,1,17166,5.82546895,1
16105,0,20624,0,0
16106,1,31404,3.184307731,1
16107,0,75632,0,0
16108,5,196208,2.548316073,1
16109,0,3200,0,0
16110,1,47327,2.112958776,1
16111,1,17394,5.749108888,1
16112,5,164144,3.046105858,1
16113,0,26214,0,0
17001,7,17772,39.38780104,1
17002,1,22079,4.529190634,1
17003,3,35689,8.405951414,1
17004,2,85521,2.338606892,1
17005,1,9768,10.23751024,1
17006,10,194786,5.133839188,1
17007,29,366321,7.916554061,1
17008,7,99493,7.035670851,1
17009,5,19231,25.999688,1
17010,0,17238,0,0
17011,9,214137,4.202916824,1
17012,8,57121,14.00535705,1
17013,0,15690,0,0
17014,0,9967,0,0
17015,2,26713,7.486991353,1
17016,0,18580,0,0
17017,7,66435,10.53661474,1
17018,13,116143,11.19309816,1
17019,1,27187,3.678228565,1
17020,6,46946,12.78064159,1
17021,1,7772,12.86670098,1
17022,0,20698,0,0
17023,0,7166,0,0
17024,11,52110,21.10919209,1
17025,3,33844,8.864200449,1
17026,0,17714,0,0
17027,0,11992,0,0
17028,6,68984,8.697669025,1
17029,8,102690,7.790437238,1
17030,3,52651,5.697897476,1
17031,5,36159,13.82781603,1
17032,0,9370,0,0
17033,0,15844,0,0
18001,0,37309,0,0
18002,0,15953,0,0
18003,0,11851,0,0
18004,1,75520,1.324152542,1
18005,0,12614,0,0
18006,0,29416,0,0
18007,0,18580,0,0
18008,1,57418,1.741614128,1
18009,0,42514,0,0
18010,0,33901,0,0
18011,0,24743,0,0
18012,0,43979,0,0
18013,1,7499,13.33511135,1
18014,0,23477,0,0
18015,3,97820,3.066857493,1
18016,1,39718,2.517750138,1
18017,5,413608,1.208874103,1
18018,1,30565,3.271716015,1
18019,0,14315,0,0
18020,3,150250,1.996672213,1
19001,0,2639,0,0
19002,0,2439,0,0
19003,1,1292,77.3993808,1
19004,2,34353,5.821907839,1
19005,3,18194,16.4889524,1
19006,5,597207,0.837230642,0
19007,0,16152,0,0
19008,0,3977,0,0
19009,10,95534,10.46747755,1
19010,4,38306,10.44222837,1
19011,0,7757,0,0
19012,10,42715,23.41097975,1
19013,1,10835,9.229349331,1
19014,2,34110,5.863383172,1
19015,0,1632,0,0
19016,2,2861,69.9056274,1
19017,1,41130,2.431315342,1
19018,20,247370,8.085054776,1
19019,2,123156,1.623956608,1
19020,2,5479,36.5030115,1
19021,12,425148,2.822546501,1
19022,0,14795,0,0
19023,0,1044,0,0
19024,0,6011,0,0
19025,3,67294,4.458049752,1
19026,22,682880,3.221649485,1
19027,0,1764,0,0
19028,0,1511,0,0
19029,0,6921,0,0
19030,0,3571,0,0
19031,15,333481,4.498007383,1
19032,2,5238,38.18251241,1
19033,2,79853,2.504602207,1
19034,0,5630,0,0
19035,1,955,104.7120419,1
19036,0,6996,0,0
19037,0,5326,0,0
19038,8,60829,13.15162176,1
19039,50,1109171,4.507871194,1
19040,0,971,0,0
19041,4,87168,4.588839941,1
19042,2,4469,44.75274111,1
19043,0,2640,0,0
19044,2,35456,5.640794224,1
19045,6,54192,11.07174491,1
19046,5,430143,1.162404131,1
19047,0,13836,0,0
19048,13,296954,4.377782417,1
19049,0,42407,0,0
19050,0,1632,0,0
19051,1,4080,24.50980392,1
20001,0,882,0,0
20002,2,45883,4.358912887,1
20003,0,2027,0,0
20004,0,930,0,0
20005,1,15105,6.620324396,1
20006,0,18525,0,0
20007,0,2550,0,0
20008,0,758,0,0
20009,0,7102,0,0
20010,0,14277,0,0
20011,0,1182,0,0
20012,1,10497,9.52653139,1
20013,0,2953,0,0
20014,0,28637,0,0
20015,0,4823,0,0
20016,0,9936,0,0
20017,0,3365,0,0
20018,0,803,0,0
20019,0,2934,0,0
20020,0,3947,0,0
20021,0,15866,0,0
20022,0,716,0,0
20023,0,21597,0,0
20024,0,3643,0,0
20025,0,11413,0,0
20026,0,9066,0,0
20027,0,2251,0,0
20028,0,20915,0,0
20029,0,4135,0,0
20030,1,8575,11.66180758,1
20031,0,7102,0,0
20032,1,996,100.4016064,1
20033,0,2637,0,0
20034,0,1172,0,0
20035,0,531,0,0
20036,0,5409,0,0
20037,0,4380,0,0
20038,0,1917,0,0
20039,3,77547,3.86862161,1
20040,0,6299,0,0
20041,3,31551,9.508414947,1
20042,0,8268,0,0
20043,6,98043,6.119763777,1
20044,2,42884,4.663744054,1
20045,0,8303,0,0
20046,0,3149,0,0
20047,0,87,0,0
20048,0,1375,0,0
20049,0,1146,0,0
20050,0,3381,0,0
20051,0,4563,0,0
20052,0,6038,0,0
20053,0,1220,0,0
20054,0,415,0,0
20055,0,3486,0,0
20056,0,1424,0,0
20057,6,39828,15.06477855,1
20058,1,13097,7.635336337,1
20059,5,42312,11.81697863,1
20060,0,2585,0,0
20061,0,2722,0,0
20062,0,475,0,0
20063,0,3910,0,0
20064,1,7385,13.54096141,1
20065,0,1209,0,0
20066,0,5327,0,0
20067,6,264251,2.270568513,1
20068,0,21676,0,0
20069,0,2632,0,0
20070,0,6893,0,0
20071,0,2871,0,0
20072,0,6822,0,0
20073,5,32640,15.31862745,1
20074,0,482,0,0
20075,0,2723,0,0
20076,0,3256,0,0
20077,0,3757,0,0
20078,0,1095,0,0
20079,3,89211,3.362814003,1
20080,0,1459,0,0
20081,0,1760,0,0
20082,0,4099,0,0
20083,0,9342,0,0
20084,0,3984,0,0
20085,2,24467,8.174275555,1
20086,0,929,0,0
20087,0,4334,0,0
20088,0,2819,0,0
20089,0,2112,0,0
20090,0,6168,0,0
20091,0,5336,0,0
20092,0,1604,0,0
20093,0,483,0,0
20094,0,1756,0,0
20095,0,4295,0,0
20096,0,716,0,0
20097,0,1671,0,0
20098,0,4425,0,0
20099,0,472,0,0
20100,0,422,0,0
20101,0,739,0,0
20102,0,4409,0,0
20103,0,6009,0,0
20104,0,2606,0,0
20105,0,7305,0,0
20106,0,249,0,0
20107,0,23038,0,0
20108,1,4421,22.6193169,1
20109,0,1227,0,0
20110,0,1484,0,0
20111,0,4245,0,0
20112,0,2494,0,0
20113,0,2996,0,0
20114,0,641,0,0
20115,1,9105,10.98297639,1
20116,0,4415,0,0
20117,0,2337,0,0
20118,0,2476,0,0
20119,0,386,0,0
20120,0,334,0,0
20121,0,654,0,0
20122,0,636,0,0
20123,0,2741,0,0
20124,0,18406,0,0
20125,0,12101,0,0
20126,0,5148,0,0
20127,0,1004,0,0
20128,1,1206,82.91873964,1
20129,0,360,0,0
20130,0,5127,0,0
20131,0,10628,0,0
20132,0,1077,0,0
20133,0,3596,0,0
20134,1,27979,3.574109153,1
20135,0,7862,0,0
20136,0,11604,0,0
20137,0,3379,0,0
20138,0,440,0,0
20139,0,2045,0,0
20140,0,791,0,0
20141,0,7650,0,0
20142,0,991,0,0
20143,0,8980,0,0
20144,0,949,0,0
20145,0,3854,0,0
20146,0,2787,0,0
20147,0,367,0,0
20148,0,1940,0,0
20149,0,1731,0,0
20150,0,12894,0,0
20151,0,323,0,0
20152,0,2109,0,0
20153,1,4836,20.67824648,1
20154,0,2407,0,0
20155,0,985,0,0
20156,0,3316,0,0
20157,0,15720,0,0
20158,0,2258,0,0
20159,0,5019,0,0
20160,0,1391,0,0
20161,0,2517,0,0
20162,0,1934,0,0
20163,0,1590,0,0
20164,0,2772,0,0
20165,0,1512,0,0
20166,0,12098,0,0
20167,0,2035,0,0
20168,0,1059,0,0
20169,0,3867,0,0
20170,0,3251,0,0
20171,0,18316,0,0
20172,0,376,0,0
20173,0,1462,0,0
20174,0,3917,0,0
20175,0,1583,0,0
20176,0,2687,0,0
20177,1,9945,10.05530417,1
20178,1,6874,14.54757056,1
20179,0,1456,0,0
20180,0,2593,0,0
20181,0,440,0,0
20182,0,2178,0,0
20183,0,1383,0,0
20184,12,162511,7.384115537,1
20185,0,8855,0,0
20186,0,547,0,0
20187,0,1808,0,0
20188,0,10030,0,0
20189,0,2870,0,0
20190,2,23686,8.443806468,1
20191,0,330,0,0
20192,0,1494,0,0
20193,0,2592,0,0
20194,0,1237,0,0
20195,0,1071,0,0
20196,0,413,0,0
20197,0,3212,0,0
20198,1,29364,3.405530582,1
20199,0,580,0,0
20200,0,3726,0,0
20201,0,1953,0,0
20202,0,4677,0,0
20203,0,3277,0,0
20204,0,607,0,0
20205,0,16972,0,0
20206,0,2444,0,0
20207,0,19163,0,0
20208,0,6680,0,0
20209,0,660,0,0
20210,0,5747,0,0
20211,1,2664,37.53753754,1
20212,0,2919,0,0
20213,0,4286,0,0
20214,0,1979,0,0
20215,0,788,0,0
20216,0,1280,0,0
20217,0,2877,0,0
20218,0,531,0,0
20219,0,2619,0,0
20220,0,2639,0,0
20221,0,1228,0,0
20222,0,1481,0,0
20223,0,474,0,0
20224,0,567,0,0
20225,0,6101,0,0
20226,0,2723,0,0
20227,1,15735,6.355258977,1
20228,0,807,0,0
20229,0,8323,0,0
20230,1,942,106.1571125,1
20231,0,2961,0,0
20232,0,20085,0,0
20233,0,1736,0,0
20234,0,7250,0,0
20235,0,3642,0,0
20236,0,1557,0,0
20237,0,1422,0,0
20238,0,851,0,0
20239,0,1010,0,0
20240,0,2298,0,0
20241,0,1087,0,0
20242,0,12246,0,0
20243,0,1821,0,0
20244,0,3787,0,0
20245,0,1265,0,0
20246,0,616,0,0
20247,0,1549,0,0
20248,0,14835,0,0
20249,0,3614,0,0
20250,0,1107,0,0
20251,0,1144,0,0
20252,0,2062,0,0
20253,0,2084,0,0
20254,0,3133,0,0
20255,0,2019,0,0
20256,0,224,0,0
20257,0,986,0,0
20258,0,712,0,0
20259,0,2360,0,0
20260,0,2172,0,0
20261,0,7549,0,0
20262,0,993,0,0
20263,0,3178,0,0
20264,0,2097,0,0
20265,0,6817,0,0
20266,0,8362,0,0
20267,0,244,0,0
20268,0,1014,0,0
20269,0,4109,0,0
20270,0,1094,0,0
20271,0,2644,0,0
20272,0,6422,0,0
20273,0,3287,0,0
20274,0,1271,0,0
20275,0,8119,0,0
20276,0,702,0,0
20277,0,12425,0,0
20278,1,39680,2.52016129,1
20279,0,2665,0,0
20280,0,2279,0,0
20281,0,266,0,0
20282,0,729,0,0
20283,0,997,0,0
20284,0,3149,0,0
20285,0,3662,0,0
20286,0,3164,0,0
20287,0,296,0,0
20288,0,593,0,0
20289,0,1135,0,0
20290,0,975,0,0
20291,0,4245,0,0
20292,0,1411,0,0
20293,0,15993,0,0
20294,0,7024,0,0
20295,0,9313,0,0
20296,0,890,0,0
20297,0,2504,0,0
20298,0,12511,0,0
20299,0,1063,0,0
20300,0,6664,0,0
20301,0,1505,0,0
20302,1,4539,22.03128442,1
20303,0,1089,0,0
20304,0,735,0,0
20305,0,4234,0,0
20306,0,3551,0,0
20307,0,10014,0,0
20308,0,3146,0,0
20309,0,11653,0,0
20310,0,8561,0,0
20311,0,545,0,0
20312,0,12387,0,0
20313,0,779,0,0
20314,0,1561,0,0
20315,0,1694,0,0
20316,0,693,0,0
20317,0,1239,0,0
20318,6,48336,12.41310824,1
20319,0,1074,0,0
20320,0,668,0,0
20321,0,720,0,0
20322,0,790,0,0
20323,0,2098,0,0
20324,3,47476,6.318982223,1
20325,0,10810,0,0
20326,0,5134,0,0
20327,1,15152,6.599788807,1
20328,0,1208,0,0
20329,0,1225,0,0
20330,0,4232,0,0
20331,0,873,0,0
20332,0,343,0,0
20333,0,2626,0,0
20334,4,46152,8.667013347,1
20335,0,910,0,0
20336,0,1698,0,0
20337,0,4813,0,0
20338,1,10737,9.313588526,1
20339,0,4016,0,0
20340,0,1680,0,0
20341,0,236,0,0
20342,0,3336,0,0
20343,0,1933,0,0
20344,0,2678,0,0
20345,0,4072,0,0
20346,0,1441,0,0
20347,0,3587,0,0
20348,2,8352,23.94636015,1
20349,0,1967,0,0
20350,1,18195,5.496015389,1
20351,0,2820,0,0
20352,0,3526,0,0
20353,0,2153,0,0
20354,0,516,0,0
20355,0,727,0,0
20356,0,2067,0,0
20357,0,762,0,0
20358,0,1950,0,0
20359,0,918,0,0
20360,0,3773,0,0
20361,0,871,0,0
20362,0,1427,0,0
20363,0,2572,0,0
20364,0,15987,0,0
20365,0,1068,0,0
20366,0,3905,0,0
20367,1,4460,22.42152466,1
20368,0,1930,0,0
20369,0,1931,0,0
20370,0,663,0,0
20371,0,1031,0,0
20372,0,1556,0,0
20373,0,366,0,0
20374,0,1548,0,0
20375,0,12814,0,0
20376,0,356,0,0
20377,0,11616,0,0
20378,0,3425,0,0
20379,0,2921,0,0
20380,0,2127,0,0
20381,1,2675,37.38317757,1
20382,0,1116,0,0
20383,0,583,0,0
20384,2,4754,42.06983593,1
20385,2,93188,2.146199081,1
20386,0,18512,0,0
20387,0,2914,0,0
20388,0,2372,0,0
20389,0,952,0,0
20390,3,49459,6.065630118,1
20391,0,3361,0,0
20392,0,6398,0,0
20393,0,3855,0,0
20394,0,2766,0,0
20395,0,1720,0,0
20396,0,3237,0,0
20397,0,39945,0,0
20398,0,4418,0,0
20399,1,34115,2.931261908,1
20400,0,1568,0,0
20401,1,24076,4.153513873,1
20402,0,1075,0,0
20403,0,2971,0,0
20404,0,733,0,0
20405,0,2110,0,0
20406,0,20328,0,0
20407,0,9078,0,0
20408,0,482,0,0
20409,0,8918,0,0
20410,0,3353,0,0
20411,0,813,0,0
20412,0,3168,0,0
20413,4,45680,8.756567426,1
20414,1,11400,8.771929825,1
20415,0,4990,0,0
20416,0,488,0,0
20417,0,9474,0,0
20418,0,13148,0,0
20419,0,499,0,0
20420,0,1844,0,0
20421,0,4555,0,0
20422,0,585,0,0
20423,0,466,0,0
20424,0,3894,0,0
20425,0,2086,0,0
20426,0,8593,0,0
20427,0,16518,0,0
20428,0,1924,0,0
20429,0,1471,0,0
20430,0,360,0,0
20431,0,1692,0,0
20432,0,901,0,0
20433,0,2571,0,0
20434,0,4214,0,0
20435,0,3465,0,0
20436,0,981,0,0
20437,0,8922,0,0
20438,0,1635,0,0
20439,1,25130,3.9793076,1
20440,0,839,0,0
20441,0,8795,0,0
20442,0,267,0,0
20443,0,472,0,0
20444,0,411,0,0
20445,0,1514,0,0
20446,0,6048,0,0
20447,0,16340,0,0
20448,0,2234,0,0
20449,0,2939,0,0
20450,0,12683,0,0
20451,0,875,0,0
20452,0,3995,0,0
20453,0,3708,0,0
20454,0,2920,0,0
20455,0,2583,0,0
20456,0,1441,0,0
20457,0,3082,0,0
20458,0,967,0,0
20459,0,4371,0,0
20460,0,4983,0,0
20461,0,518,0,0
20462,0,4083,0,0
20463,0,529,0,0
20464,0,351,0,0
20465,0,1598,0,0
20466,0,13041,0,0
20467,2,19201,10.41612416,1
20468,1,14135,7.074637425,1
20469,2,36275,5.513439008,1
20470,0,4886,0,0
20471,0,498,0,0
20472,0,3326,0,0
20473,0,1292,0,0
20474,0,3284,0,0
20475,0,9681,0,0
20476,0,393,0,0
20477,0,1445,0,0
20478,0,1785,0,0
20479,0,202,0,0
20480,0,877,0,0
20481,0,1820,0,0
20482,4,53148,7.526153383,1
20483,0,10397,0,0
20484,0,4250,0,0
20485,0,3208,0,0
20486,0,2403,0,0
20487,0,1995,0,0
20488,0,114,0,0
20489,0,4994,0,0
20490,0,3098,0,0
20491,0,4404,0,0
20492,0,2956,0,0
20493,0,523,0,0
20494,0,4662,0,0
20495,0,3101,0,0
20496,0,1736,0,0
20497,0,4352,0,0
20498,0,6885,0,0
20499,0,2090,0,0
20500,0,8330,0,0
20501,0,936,0,0
20502,0,5187,0,0
20503,0,402,0,0
20504,0,1654,0,0
20505,0,7965,0,0
20506,0,755,0,0
20507,0,3469,0,0
20508,0,1486,0,0
20509,2,10738,18.62544235,1
20510,0,652,0,0
20511,0,3124,0,0
20512,0,870,0,0
20513,0,9157,0,0
20514,0,1020,0,0
20515,4,64639,6.188214545,1
20516,0,5093,0,0
20517,0,4815,0,0
20518,0,132,0,0
20519,0,2988,0,0
20520,0,6921,0,0
20521,0,235,0,0
20522,0,1030,0,0
20523,0,1503,0,0
20524,0,314,0,0
20525,0,12161,0,0
20526,0,17583,0,0
20527,0,2600,0,0
20528,0,980,0,0
20529,0,1380,0,0
20530,0,3617,0,0
20531,0,2632,0,0
20532,0,3705,0,0
20533,1,2132,46.9043152,1
20534,0,3923,0,0
20535,0,2961,0,0
20536,0,413,0,0
20537,1,6495,15.39645881,1
20538,0,669,0,0
20539,0,5591,0,0
20540,0,7707,0,0
20541,0,1622,0,0
20542,0,825,0,0
20543,0,5869,0,0
20544,0,1016,0,0
20545,0,9876,0,0
20546,0,5784,0,0
20547,0,931,0,0
20548,0,1607,0,0
20549,0,11034,0,0
20550,0,5491,0,0
20551,0,22545,0,0
20552,0,438,0,0
20553,0,10208,0,0
20554,0,5361,0,0
20555,0,3032,0,0
20556,0,260,0,0
20557,0,15347,0,0
20558,0,1371,0,0
20559,1,22699,4.405480418,1
20560,0,6646,0,0
20561,0,2789,0,0
20562,0,1554,0,0
20563,0,1264,0,0
20564,0,1129,0,0
20565,3,43279,6.931768294,1
20566,0,3010,0,0
20567,0,3142,0,0
20568,0,1431,0,0
20569,0,1616,0,0
20570,1,19849,5.038037181,1
20999,62,,,0
21001,1,65048,1.537326282,1
21002,0,9095,0,0
21003,2,35764,5.592215636,1
21004,1,59077,1.692706129,1
21005,0,2989,0,0
21006,0,15637,0,0
21007,0,3186,0,0
21008,0,11269,0,0
21009,0,1803,0,0
21010,0,65854,0,0
21011,0,1790,0,0
21012,0,6521,0,0
21013,1,21100,4.739336493,1
21014,0,4832,0,0
21015,3,117244,2.558766333,1
21016,0,8768,0,0
21017,1,28306,3.532819897,1
21018,0,3679,0,0
21019,5,134364,3.721234855,1
21020,0,7039,0,0
21021,0,1326,0,0
21022,0,12230,0,0
21023,0,9344,0,0
21024,0,902,0,0
21025,0,8558,0,0
21026,1,14440,6.925207756,1
21027,0,3886,0,0
21028,0,2624,0,0
21029,0,3637,0,0
21030,0,756,0,0
21031,0,2951,0,0
21032,0,1379,0,0
21033,0,4885,0,0
21034,3,40949,7.326186232,1
21035,0,20459,0,0
21036,1,13942,7.172572084,1
21037,0,2221,0,0
21038,0,10101,0,0
21039,0,9337,0,0
21040,0,10179,0,0
21041,3,112225,2.673201158,1
21042,0,3163,0,0
21043,0,47983,0,0
21044,1,15704,6.367804381,1
21045,1,46778,2.137757065,1
21046,0,7752,0,0
21047,0,20155,0,0
21048,0,20441,0,0
21049,0,16569,0,0
21050,0,25978,0,0
21051,3,34415,8.717129159,1
21052,0,1137,0,0
21053,1,62028,1.612175147,1
21054,0,34196,0,0
21055,0,4515,0,0
21056,0,1362,0,0
21057,0,7857,0,0
21058,0,20010,0,0
21059,0,2221,0,0
21060,1,7421,13.47527287,1
21061,2,12520,15.97444089,1
21062,0,4879,0,0
21063,0,14974,0,0
21064,0,16677,0,0
21065,0,20511,0,0
21066,0,5755,0,0
21067,0,16923,0,0
21068,0,7611,0,0
21069,1,24787,4.034372857,1
21070,0,6317,0,0
21071,2,103509,1.932199132,1
21072,1,18803,5.318300271,1
21073,0,8443,0,0
21074,4,73771,5.422184869,1
21075,0,12897,0,0
21076,0,25981,0,0
21077,0,5186,0,0
21078,1,15096,6.62427133,1
21079,0,5373,0,0
21080,0,2562,0,0
21081,0,3635,0,0
21082,0,8752,0,0
21083,0,24512,0,0
21084,0,6975,0,0
21085,2,77601,2.577286375,1
21086,0,12077,0,0
21087,0,13120,0,0
21088,0,4504,0,0
21089,0,12818,0,0
21090,0,21253,0,0
21091,0,10685,0,0
21092,0,5192,0,0
21093,0,7817,0,0
21094,1,33784,2.959981056,1
21095,0,469,0,0
21096,0,2826,0,0
21097,0,2333,0,0
21098,1,6352,15.74307305,1
21099,3,19174,15.64618755,1
21100,1,9974,10.02606778,1
21101,0,3294,0,0
21102,0,12442,0,0
21103,1,6259,15.97699313,1
21104,0,30848,0,0
21105,0,4735,0,0
21106,2,28220,7.087172218,1
21107,0,11517,0,0
21108,0,18239,0,0
21109,0,22002,0,0
21110,1,46233,2.162957195,1
21111,0,18102,0,0
21112,0,9623,0,0
21113,0,4322,0,0
21114,43,1576259,2.72797808,1
21115,2,50962,3.924492759,1
21116,0,22136,0,0
21117,1,14159,7.062645667,1
21118,0,27454,0,0
21119,2,137290,1.45677034,1
21120,0,5590,0,0
21121,0,1198,0,0
21122,0,10456,0,0
21123,1,3838,26.0552371,1
21124,0,15763,0,0
21125,0,8962,0,0
21126,1,6265,15.96169194,1
21127,0,3441,0,0
21128,0,8692,0,0
21129,0,13159,0,0
21130,0,3362,0,0
21131,0,856,0,0
21132,5,152051,3.288370349,1
21133,0,699,0,0
21134,0,20175,0,0
21135,0,477,0,0
21136,0,12341,0,0
21137,0,9972,0,0
21138,0,11734,0,0
21139,0,3534,0,0
21140,1,129032,0.77500155,0
21141,0,3320,0,0
21142,0,30303,0,0
21143,0,31355,0,0
21144,0,14810,0,0
21145,0,14092,0,0
21146,0,756,0,0
21147,0,6289,0,0
21148,0,9236,0,0
21149,1,25228,3.963849691,1
21150,0,7242,0,0
21151,0,8511,0,0
21152,0,12226,0,0
21153,2,21992,9.094216079,1
21154,4,77061,5.190693087,1
21155,0,5461,0,0
21156,9,319375,2.818003914,1
21157,2,11156,17.92757261,1
21158,0,6975,0,0
21159,0,3707,0,0
21160,0,3135,0,0
21161,0,20580,0,0
21162,0,3947,0,0
21163,0,17472,0,0
21164,5,80507,6.210640069,1
21165,0,1124,0,0
21166,0,8492,0,0
21167,0,11622,0,0
21168,0,6793,0,0
21169,1,20598,4.854840276,1
21170,0,16892,0,0
21171,0,3534,0,0
21172,0,28139,0,0
21173,0,5869,0,0
21174,2,97590,2.049390306,1
21175,0,12783,0,0
21176,0,8547,0,0
21177,2,52508,3.808943399,1
21178,0,16496,0,0
21179,0,28953,0,0
21180,0,40220,0,0
21181,1,7125,14.03508772,1
21182,0,4957,0,0
21183,2,19982,10.00900811,1
21184,0,6493,0,0
21185,0,8444,0,0
21186,0,53498,0,0
21187,0,5345,0,0
21188,0,17956,0,0
21189,0,21229,0,0
21190,0,1180,0,0
21191,1,9150,10.92896175,1
21192,0,6314,0,0
21193,0,7126,0,0
21194,0,29090,0,0
21195,1,24660,4.055150041,1
21196,1,1513,66.09385327,1
21197,2,81455,2.455343441,1
21198,0,1177,0,0
21199,1,39959,2.502565129,1
21200,0,3357,0,0
21201,0,3301,0,0
21202,0,12740,0,0
21203,0,6336,0,0
21204,0,7943,0,0
21205,2,25057,7.981801493,1
21206,0,4396,0,0
21207,2,55299,3.61670193,1
21208,4,82457,4.851013255,1
21209,0,8495,0,0
21210,0,5469,0,0
21211,0,16173,0,0
21212,0,19050,0,0
21213,3,13320,22.52252252,1
21214,0,16817,0,0
21215,0,4902,0,0
21216,0,2442,0,0
21217,1,18278,5.471058103,1
22001,0,61259,0,0
22002,0,25623,0,0
22003,0,13307,0,0
22004,0,69549,0,0
22005,0,62667,0,0
22006,4,181684,2.201624799,1
22007,1,40572,2.464754018,1
22008,0,38295,0,0
22009,0,26902,0,0
22010,1,17947,5.571961888,1
22011,3,156275,1.919692849,1
22012,0,68313,0,0
22013,0,20144,0,0
22014,12,878931,1.365294887,1
22015,0,9480,0,0
22016,4,268408,1.490268546,1
22017,1,70742,1.413587402,1
22018,0,28274,0,0
22998,0,,,0
23001,0,86415,0,0
23002,0,81742,0,0
23003,0,19495,0,0
23004,3,224080,1.338807569,1
23005,15,743626,2.017143026,1
23006,0,37502,0,0
23007,0,27243,0,0
23008,12,209634,5.724262286,1
23009,1,32714,3.056795256,1
23010,0,39111,0,0
23011,0,,,0
24001,2,18369,10.88790898,1
24002,0,8296,0,0
24003,2,48772,4.100713524,1
24004,0,4064,0,0
24005,0,18491,0,0
24006,0,9705,0,0
24007,0,19176,0,0
24008,3,21288,14.09244645,1
24009,0,4535,0,0
24010,0,32867,0,0
24011,1,45385,2.203371158,1
24012,0,20550,0,0
24013,3,177022,1.694704613,1
24014,0,15184,0,0
24015,2,20839,9.59738951,1
24016,2,43569,4.590419794,1
24017,0,26340,0,0
24018,0,15828,0,0
24019,0,5462,0,0
24020,4,99015,4.039791951,1
24021,1,57184,1.748740907,1
24022,1,19539,5.11796919,1
24023,0,15279,0,0
24024,6,94191,6.370035354,1
24025,0,31794,0,0
24026,0,9361,0,0
24027,0,10257,0,0
24028,37,824229,4.4890437,1
24029,0,21176,0,0
24030,0,5176,0,0
24031,1,11791,8.481044865,1
24032,3,39859,7.526531022,1
24033,1,12210,8.19000819,1
24034,0,14700,0,0
24035,12,309342,3.87920166,1
24036,2,30087,6.647389238,1
24037,2,92291,2.167058543,1
24038,0,15382,0,0
24039,0,15598,0,0
24040,0,38751,0,0
24041,0,19750,0,0
24042,1,15120,6.613756614,1
24043,0,9383,0,0
24044,0,7629,0,0
24045,0,14486,0,0
24046,0,17888,0,0
24047,0,9671,0,0
24048,0,5227,0,0
24049,2,37184,5.378657487,1
24050,0,49385,0,0
24051,2,14830,13.48617667,1
24052,0,10048,0,0
24053,0,37645,0,0
24054,2,52062,3.841573509,1
24055,2,26236,7.623113279,1
24056,1,15258,6.553938917,1
24057,2,31109,6.429007683,1
24058,0,21955,0,0
25001,19,449215,4.229600525,1
25002,5,47207,10.59164954,1
25003,3,31821,9.4277364,1
25004,1,27157,3.682291858,1
25005,2,16292,12.27596366,1
25006,106,905265,11.7092785,1
25007,1,33027,3.027825718,1
25008,2,53856,3.713606655,1
25009,4,59436,6.72992799,1
25010,7,100459,6.968016803,1
25011,4,295353,1.35431162,1
25012,37,502547,7.362495448,1
25013,8,45351,17.64018434,1
25014,3,53773,5.579008052,1
25015,5,81109,6.164544009,1
25016,2,21442,9.327488107,1
25017,4,88659,4.511668302,1
25018,15,154352,9.718047061,1
26001,0,2756,0,0
26002,3,82918,3.618032273,1
26003,2,25694,7.783918425,1
26004,1,9578,10.44059303,1
26005,0,1163,0,0
26006,0,2677,0,0
26007,0,582,0,0
26008,0,1083,0,0
26009,0,802,0,0
26010,0,1367,0,0
26011,0,1554,0,0
26012,3,23053,13.01349065,1
26013,0,1612,0,0
26014,0,3312,0,0
26015,0,1457,0,0
26016,0,5233,0,0
26017,7,85631,8.174609662,1
26018,36,433050,8.313127814,1
26019,1,35892,2.786136186,1
26020,0,4840,0,0
26021,0,2076,0,0
26022,0,965,0,0
26023,1,6109,16.36929121,1
26024,0,717,0,0
26025,5,56177,8.900439682,1
26026,3,63216,4.745634017,1
26027,0,8666,0,0
26028,0,1064,0,0
26029,10,158046,6.327271807,1
26030,25,884273,2.827181199,1
26031,0,1231,0,0
26032,0,890,0,0
26033,3,80524,3.725597337,1
26034,0,927,0,0
26035,1,12812,7.805182641,1
26036,2,31180,6.414368185,1
26037,0,1237,0,0
26038,0,4967,0,0
26039,0,6160,0,0
26040,0,2019,0,0
26041,0,13843,0,0
26042,7,163650,4.277421326,1
26043,21,233952,8.976200246,1
26044,0,468,0,0
26045,0,2643,0,0
26046,0,372,0,0
26047,0,9514,0,0
26048,3,62177,4.824935265,1
26049,0,2839,0,0
26050,0,1444,0,0
26051,0,5025,0,0
26052,0,5626,0,0
26053,0,407,0,0
26054,1,557,179.5332136,1
26055,13,192739,6.7448726,1
26056,1,9081,11.01200308,1
26057,0,1481,0,0
26058,1,16248,6.154603644,1
26059,0,1768,0,0
26060,0,1567,0,0
26061,0,1420,0,0
26062,0,1142,0,0
26063,0,1230,0,0
26064,0,1577,0,0
26065,0,1193,0,0
26066,1,8704,11.48897059,1
26067,0,1523,0,0
26068,0,1181,0,0
26069,1,6012,16.63339987,1
26070,4,16931,23.6253027,1
26071,2,21957,9.108712483,1
26072,0,14549,0,0
26998,0,,,0
26999,0,,,0
27001,3,60516,4.957366647,1
27002,12,258554,4.64119681,1
27003,6,110130,5.448106783,1
27004,56,684847,8.177008879,1
27005,7,201654,3.471292412,1
27006,5,138504,3.610004043,1
27007,1,30637,3.264027157,1
27008,11,188792,5.826518073,1
27009,3,38231,7.847035129,1
27010,2,87249,2.292289883,1
27011,0,30567,0,0
27012,9,165729,5.430552287,1
27013,8,138366,5.781767197,1
27014,0,94375,0,0
27015,1,48784,2.049852411,1
27016,4,58523,6.834919604,1
27017,5,59814,8.359246999,1
28001,1,12100,8.26446281,1
28002,0,29183,0,0
28003,1,235066,0.425412437,0
28004,0,9902,0,0
28005,0,4428,0,0
28006,0,8062,0,0
28007,0,15762,0,0
28008,0,4179,0,0
28009,4,209175,1.912274411,1
28010,1,1937,51.62622612,1
28011,0,9186,0,0
28012,0,43757,0,0
28013,0,15560,0,0
28014,0,4439,0,0
28015,0,15398,0,0
28016,0,22799,0,0
28017,1,15296,6.537656904,1
28018,1,8165,12.24739743,1
28019,0,16555,0,0
28020,0,2493,0,0
28021,0,117648,0,0
28022,6,520367,1.153032379,1
28023,0,4122,0,0
28024,0,4326,0,0
28025,0,27447,0,0
28026,0,3555,0,0
28027,5,399431,1.251780658,1
28028,0,3551,0,0
28029,0,13828,0,0
28030,0,13927,0,0
28031,0,1705,0,0
28032,4,646202,0.619001489,0
28033,0,126887,0,0
28034,0,8723,0,0
28035,1,55981,1.786320359,1
28036,0,1038,0,0
28037,1,25419,3.934065069,1
28038,0,314418,0,0
28039,0,29560,0,0
28040,0,64188,0,0
28041,6,346029,1.733958714,1
28042,1,6165,16.22060016,1
28043,0,23739,0,0
29001,0,11144,0,0
29002,0,15271,0,0
29003,0,6597,0,0
29004,0,17173,0,0
29005,0,78624,0,0
29006,0,48385,0,0
29007,0,17259,0,0
29008,0,15337,0,0
29009,0,5272,0,0
29010,0,70011,0,0
29011,0,4679,0,0
29012,0,8668,0,0
29013,1,92887,1.076576916,1
29014,0,14575,0,0
29015,0,38324,0,0
29016,0,7080,0,0
29017,0,10901,0,0
29018,0,38330,0,0
29019,0,21060,0,0
29020,0,9490,0,0
29021,1,18115,5.520287055,1
29022,0,5925,0,0
29023,0,25053,0,0
29024,0,27154,0,0
29025,1,77242,1.294632454,1
29026,0,20242,0,0
29027,0,12834,0,0
29028,0,24380,0,0
29029,1,12047,8.300821781,1
29030,0,14746,0,0
29031,0,32613,0,0
29032,0,13414,0,0
29033,2,95051,2.10413357,1
29034,0,42536,0,0
29035,0,5843,0,0
29036,0,21814,0,0
29037,0,8955,0,0
29038,0,16359,0,0
29039,1,23905,4.183225267,1
29040,0,10263,0,0
29041,0,30364,0,0
29042,0,13629,0,0
29043,0,38296,0,0
29044,1,42686,2.342688469,1
29045,0,6038,0,0
29046,0,4561,0,0
29047,0,3103,0,0
29048,0,18873,0,0
29049,0,5569,0,0
29050,0,10910,0,0
29051,0,3767,0,0
29052,0,5923,0,0
29053,0,7511,0,0
29054,0,5618,0,0
29055,0,3131,0,0
29056,0,7773,0,0
29057,0,4559,0,0
29058,0,8817,0,0
29059,0,7169,0,0
29060,0,4992,0,0
30001,1,8819,11.3391541,1
30002,0,3147,0,0
30003,8,87267,9.167268269,1
30004,0,43388,0,0
30005,1,5350,18.69158879,1
30006,2,22969,8.707388219,1
30007,1,6426,15.56178027,1
30008,0,10189,0,0
30009,0,28922,0,0
30010,3,65548,4.576798682,1
30011,3,52927,5.668184481,1
30012,2,7987,25.04069112,1
30013,2,28295,7.068386641,1
30014,0,45430,0,0
30015,1,33730,2.964719834,1
30016,1,26920,3.714710253,1
30017,0,4009,0,0
30018,0,1924,0,0
30019,0,6534,0,0
30020,1,10933,9.146620324,1
30021,3,23896,12.55440241,1
30022,0,21360,0,0
30023,3,50873,5.897037721,1
30024,0,15818,0,0
30025,0,26694,0,0
30026,1,24822,4.028684232,1
30027,1,17618,5.676013168,1
30028,3,142207,2.109600793,1
30029,2,12929,15.46910047,1
30030,0,42347,0,0
30031,0,16996,0,0
30032,1,49651,2.014058126,1
30033,0,23675,0,0
30034,0,26807,0,0
30035,0,12109,0,0
30036,1,10482,9.540164091,1
30037,0,8566,0,0
30038,7,92127,7.598206823,1
30039,24,319187,7.519103222,1
30040,1,56897,1.75756191,1
30041,0,2236,0,0
30042,0,5718,0,0
30043,0,19859,0,0
30044,24,218153,11.00145311,1
30045,7,57147,12.24911194,1
30046,0,16353,0,0
30047,0,58479,0,0
30048,3,129527,2.316119419,1
30049,1,21013,4.75895874,1
30050,1,16754,5.968723887,1
30051,1,22570,4.430660168,1
30052,0,12238,0,0
30053,2,27940,7.158196135,1
30054,2,12494,16.00768369,1
30055,1,13479,7.418947993,1
30056,0,6684,0,0
30057,0,14394,0,0
30058,1,55844,1.790702672,1
30059,0,16241,0,0
30060,2,16741,11.94671764,1
30061,6,81827,7.332543048,1
30062,1,21102,4.738887309,1
30063,0,14565,0,0
30064,0,3880,0,0
30065,5,78336,6.382761438,1
30066,0,27297,0,0
30067,0,18367,0,0
30068,2,66168,3.022609116,1
30069,6,24791,24.20233149,1
30070,1,19587,5.105427069,1
30071,5,60674,8.240762106,1
30072,3,21391,14.02458978,1
30073,0,43309,0,0
30074,3,7221,41.54549231,1
30075,1,17105,5.846243788,1
30076,0,13474,0,0
30077,6,43349,13.84114974,1
30078,0,13591,0,0
30079,1,11442,8.739730816,1
30080,0,23005,0,0
30081,2,24896,8.033419023,1
30082,0,15800,0,0
30083,1,54132,1.847336141,1
30084,0,5790,0,0
30085,2,68823,2.90600526,1
30086,1,44488,2.247797159,1
30087,46,480841,9.566571902,1
30088,0,5006,0,0
30089,3,41644,7.203918932,1
30090,1,11361,8.802042074,1
30091,0,29413,0,0
30092,0,38198,0,0
30093,3,16682,17.98345522,1
30094,1,38895,2.571024553,1
30095,0,15916,0,0
30096,0,1534,0,0
30097,2,19606,10.20095889,1
30098,0,3043,0,0
30099,2,18096,11.05216622,1
30100,1,23408,4.272043746,1
30101,3,37285,8.046131152,1
30102,10,110415,9.056740479,1
30103,1,12332,8.108984755,1
30104,0,17312,0,0
30105,1,75346,1.327210469,1
30106,0,4685,0,0
30107,0,2920,0,0
30108,14,157393,8.894931795,1
30109,3,64249,4.669333375,1
30110,1,11646,8.586639189,1
30111,1,17504,5.71297989,1
30112,2,21816,9.167583425,1
30113,0,4559,0,0
30114,2,10866,18.40603718,1
30115,1,37908,2.637965601,1
30116,0,16710,0,0
30117,0,24020,0,0
30118,7,126005,5.555335106,1
30119,0,5703,0,0
30120,0,16222,0,0
30121,2,23244,8.60437102,1
30122,1,17480,5.720823799,1
30123,8,100549,7.956319804,1
30124,11,161097,6.828184262,1
30125,3,31890,9.407337723,1
30126,0,33392,0,0
30127,1,26880,3.720238095,1
30128,3,72795,4.121162168,1
30129,0,18145,0,0
30130,0,39205,0,0
30131,17,200119,8.494945507,1
30132,0,19725,0,0
30133,0,57646,0,0
30134,2,22454,8.907098958,1
30135,3,23112,12.98026999,1
30136,1,8068,12.39464551,1
30137,1,5830,17.15265866,1
30138,8,41927,19.08078327,1
30139,0,6147,0,0
30140,1,2921,34.23485108,1
30141,10,164834,6.066709538,1
30142,2,33929,5.894662383,1
30143,1,57466,1.740159399,1
30144,2,32721,6.112282632,1
30145,1,16363,6.111348775,1
30146,0,3656,0,0
30147,1,23130,4.323389537,1
30148,2,27770,7.202016565,1
30149,3,35155,8.533636752,1
30150,0,11750,0,0
30151,0,23120,0,0
30152,1,12320,8.116883117,1
30153,1,5792,17.26519337,1
30154,0,12983,0,0
30155,2,103616,1.93020383,1
30156,1,5767,17.34003815,1
30157,3,20037,14.97230124,1
30158,1,23865,4.190236748,1
30159,1,26322,3.799103412,1
30160,2,104694,1.91032915,1
30161,2,35823,5.583005332,1
30162,0,6677,0,0
30163,0,5189,0,0
30164,1,16480,6.067961165,1
30165,0,8417,0,0
30166,1,9668,10.34340091,1
30167,0,14736,0,0
30168,0,15018,0,0
30169,1,22923,4.362430746,1
30170,0,10934,0,0
30171,0,5284,0,0
30172,0,20887,0,0
30173,4,56956,7.022965096,1
30174,10,106277,9.409373618,1
30175,6,96418,6.222904437,1
30176,2,4953,40.37956794,1
30177,0,11431,0,0
30178,1,13421,7.451009612,1
30179,0,3833,0,0
30180,3,11630,25.79535684,1
30181,1,37857,2.641519402,1
30182,2,18715,10.68661501,1
30183,3,61982,4.840114872,1
30184,0,7709,0,0
30185,0,5258,0,0
30186,0,6869,0,0
30187,0,5670,0,0
30188,1,17428,5.737893046,1
30189,14,161829,8.651107033,1
30190,0,2185,0,0
30191,0,30580,0,0
30192,1,20275,4.932182491,1
30193,45,609964,7.377484573,1
30194,0,11760,0,0
30195,0,5446,0,0
30196,4,17896,22.35136343,1
30197,1,12108,8.259002313,1
30198,0,7194,0,0
30199,0,11354,0,0
30200,0,13409,0,0
30201,3,43871,6.838230266,1
30202,0,14620,0,0
30203,0,15031,0,0
30204,4,48091,8.317564617,1
30205,1,19478,5.13399733,1
30206,1,30039,3.329005626,1
30207,0,46672,0,0
30208,1,24565,4.070832485,1
30209,1,15614,6.404508774,1
30210,1,29434,3.397431542,1
30211,1,29631,3.374843913,1
30212,0,12512,0,0
30998,0,,,0
30999,0,,,0
31001,0,6502,0,0
31002,0,16127,0,0
31003,0,11312,0,0
31004,0,5811,0,0
31005,0,2191,0,0
31006,0,8887,0,0
31007,0,7224,0,0
31008,0,3992,0,0
31009,0,4580,0,0
31010,0,2519,0,0
31011,1,7836,12.76161307,1
31012,0,3886,0,0
31013,0,11141,0,0
31014,0,1572,0,0
31015,0,5181,0,0
31016,0,3015,0,0
31017,0,4583,0,0
31018,0,3153,0,0
31019,0,36881,0,0
31020,0,4468,0,0
31021,0,8371,0,0
31022,0,4166,0,0
31023,0,4691,0,0
31024,0,3308,0,0
31025,0,5357,0,0
31026,0,3662,0,0
31027,0,8176,0,0
31028,0,2744,0,0
31029,0,6120,0,0
31030,0,3783,0,0
31031,0,2609,0,0
31032,0,16071,0,0
31033,0,20152,0,0
31034,0,6089,0,0
31035,0,5976,0,0
31036,0,7670,0,0
31037,0,5218,0,0
31038,0,32475,0,0
31039,0,4073,0,0
31040,0,26801,0,0
31041,2,96317,2.076476634,1
31042,0,5455,0,0
31043,0,3119,0,0
31044,0,7187,0,0
31045,0,2515,0,0
31046,0,3210,0,0
31047,0,5637,0,0
31048,2,22619,8.842123878,1
31049,0,3700,0,0
31050,12,892363,1.344744235,1
31051,0,3218,0,0
31052,0,36097,0,0
31053,0,12722,0,0
31054,0,2837,0,0
31055,0,6789,0,0
31056,1,31202,3.204922761,1
31057,0,7792,0,0
31058,2,25264,7.916402787,1
31059,0,59122,0,0
31060,0,963,0,0
31061,0,3502,0,0
31062,0,4819,0,0
31063,0,5119,0,0
31064,0,1678,0,0
31065,0,1945,0,0
31066,0,4047,0,0
31067,0,9724,0,0
31068,0,3088,0,0
31069,0,8902,0,0
31070,0,3918,0,0
31071,0,1710,0,0
31072,0,1762,0,0
31073,1,5111,19.56564273,1
31074,0,3641,0,0
31075,0,6551,0,0
31076,0,17609,0,0
31077,0,2616,0,0
31078,0,3786,0,0
31079,1,42440,2.356267672,1
31080,0,10232,0,0
31081,0,3216,0,0
31082,0,3704,0,0
31083,0,1778,0,0
31084,0,7210,0,0
31085,0,15503,0,0
31086,0,2134,0,0
31087,0,5124,0,0
31088,0,1916,0,0
31089,0,40161,0,0
31090,0,7362,0,0
31091,0,11942,0,0
31092,0,7157,0,0
31093,0,17787,0,0
31094,0,4813,0,0
31095,0,5407,0,0
31096,0,77621,0,0
31097,0,3522,0,0
31098,0,14784,0,0
31099,0,4056,0,0
31100,0,3682,0,0
31101,1,55261,1.80959447,1
31102,0,80313,0,0
31103,0,3482,0,0
31104,0,15203,0,0
31105,0,3109,0,0
31106,0,2227,0,0
32001,0,6086,0,0
32002,0,4738,0,0
32003,0,2427,0,0
32004,0,3990,0,0
32005,4,45204,8.848774445,1
32006,0,8393,0,0
32007,1,12944,7.725587145,1
32008,0,12590,0,0
32009,0,11416,0,0
32010,8,230865,3.465228597,1
32011,0,2884,0,0
32012,1,8185,12.21747098,1
32013,0,6325,0,0
32014,0,21809,0,0
32015,0,1160,0,0
32016,0,23192,0,0
32017,10,187918,5.321470003,1
32018,0,4084,0,0
32019,1,24093,4.150583157,1
32020,1,59125,1.691331924,1
32021,0,4275,0,0
32022,0,21806,0,0
32023,1,12627,7.919537499,1
32024,2,53441,3.742444939,1
32025,1,13292,7.523322299,1
32026,0,17457,0,0
32027,0,2938,0,0
32028,0,2484,0,0
32029,0,23827,0,0
32030,0,2404,0,0
32031,0,9129,0,0
32032,0,12354,0,0
32033,0,3947,0,0
32034,0,27750,0,0
32035,0,16864,0,0
32036,2,43471,4.600768328,1
32037,0,17647,0,0
32038,5,73151,6.835176553,1
32039,2,63880,3.130870382,1
32040,1,22278,4.488733279,1
32041,0,2455,0,0
32042,1,62433,1.601717041,1
32043,1,1329,75.24454477,1
32044,2,15484,12.91655903,1
32045,0,8855,0,0
32046,0,7071,0,0
32047,0,5378,0,0
32048,3,26645,11.25914806,1
32049,0,32606,0,0
32050,0,9796,0,0
32051,2,35252,5.673436968,1
32052,0,18745,0,0
32053,1,13099,7.634170547,1
32054,0,19155,0,0
32055,1,30240,3.306878307,1
32056,4,146147,2.736970311,1
32057,0,19413,0,0
32058,0,2656,0,0
